{
  "C0": {
    "family": "baseline",
    "mean": 0.037850666666666664,
    "median": 0.025814999999999998,
    "std": 0.026276984973335298,
    "min": 0.014727,
    "max": 0.126108,
    "p25": 0.02182575,
    "p75": 0.0452985,
    "n_outliers_3x_median": 5,
    "n_runs": 90
  },
  "C1": {
    "family": "review-heavy",
    "mean": 0.06297469318181818,
    "median": 0.050681624999999994,
    "std": 0.04155062749019752,
    "min": 0.01027925,
    "max": 0.22256025000000002,
    "p25": 0.03422143750000001,
    "p75": 0.0772415625,
    "n_outliers_3x_median": 6,
    "n_runs": 88
  },
  "C2": {
    "family": "debate",
    "mean": 0.054324833333333336,
    "median": 0.038831625,
    "std": 0.041496875847432446,
    "min": 0.009818750000000001,
    "max": 0.19682675,
    "p25": 0.0278175625,
    "p75": 0.0652746875,
    "n_outliers_3x_median": 8,
    "n_runs": 90
  },
  "C3": {
    "family": "gen-only",
    "mean": 0.05578640000000001,
    "median": 0.045061500000000004,
    "std": 0.033724857619269494,
    "min": 0.012036000000000002,
    "max": 0.221451,
    "p25": 0.04130175,
    "p75": 0.051537,
    "n_outliers_3x_median": 7,
    "n_runs": 90
  },
  "C4": {
    "family": "iterative",
    "mean": 0.056510230555555555,
    "median": 0.04406887500000001,
    "std": 0.0421363370554974,
    "min": 0.009407500000000001,
    "max": 0.22040325000000002,
    "p25": 0.0262285625,
    "p75": 0.06646912499999999,
    "n_outliers_3x_median": 6,
    "n_runs": 90
  },
  "C5": {
    "family": "review-heavy",
    "mean": 0.14328226666666666,
    "median": 0.1341915,
    "std": 0.05287297298490243,
    "min": 0.025368,
    "max": 0.307392,
    "p25": 0.1147695,
    "p75": 0.16483800000000004,
    "n_outliers_3x_median": 0,
    "n_runs": 90
  },
  "C6": {
    "family": "gen-only",
    "mean": 0.09393643333333333,
    "median": 0.0706425,
    "std": 0.04968137006476595,
    "min": 0.020664000000000002,
    "max": 0.309102,
    "p25": 0.064794,
    "p75": 0.12336525,
    "n_outliers_3x_median": 2,
    "n_runs": 90
  },
  "C7": {
    "family": "hybrid",
    "mean": 0.08877315555555557,
    "median": 0.06951437499999999,
    "std": 0.05728790264313587,
    "min": 0.0306615,
    "max": 0.30531400000000003,
    "p25": 0.046850687499999995,
    "p75": 0.09756406249999999,
    "n_outliers_3x_median": 4,
    "n_runs": 90
  },
  "C8": {
    "family": "review-heavy",
    "mean": 0.06601600277777778,
    "median": 0.0531565,
    "std": 0.04307995836148261,
    "min": 0.0,
    "max": 0.23145424999999997,
    "p25": 0.040147375,
    "p75": 0.0766275,
    "n_outliers_3x_median": 5,
    "n_runs": 90
  },
  "C9": {
    "family": "debate",
    "mean": 0.05783576388888889,
    "median": 0.043414999999999995,
    "std": 0.04220260943397473,
    "min": 0.01227425,
    "max": 0.22987725,
    "p25": 0.030513875,
    "p75": 0.0676424375,
    "n_outliers_3x_median": 6,
    "n_runs": 90
  },
  "C10": {
    "family": "iterative",
    "mean": 0.05846611111111111,
    "median": 0.046344625,
    "std": 0.043606229241456865,
    "min": 0.0,
    "max": 0.24841925000000004,
    "p25": 0.026344375,
    "p75": 0.068692625,
    "n_outliers_3x_median": 5,
    "n_runs": 90
  },
  "C11": {
    "family": "gen-only",
    "mean": 0.16185416666666666,
    "median": 0.12908999999999998,
    "std": 0.08177048874831853,
    "min": 0.03402,
    "max": 0.45288,
    "p25": 0.10525125,
    "p75": 0.21238125000000002,
    "n_outliers_3x_median": 3,
    "n_runs": 90
  },
  "C12": {
    "family": "iterative",
    "mean": 0.06336983055555555,
    "median": 0.045993375,
    "std": 0.054073238680166565,
    "min": 0.0,
    "max": 0.3429665,
    "p25": 0.027460250000000002,
    "p75": 0.06800875,
    "n_outliers_3x_median": 8,
    "n_runs": 90
  },
  "C13": {
    "family": "hybrid",
    "mean": 0.1406547472222222,
    "median": 0.11627925,
    "std": 0.07254857170744965,
    "min": 0.05696325,
    "max": 0.39107200000000003,
    "p25": 0.095634125,
    "p75": 0.15952468749999998,
    "n_outliers_3x_median": 3,
    "n_runs": 90
  },
  "C14": {
    "family": "iterative",
    "mean": 0.2119371,
    "median": 0.211305,
    "std": 0.0945719744897504,
    "min": 0.025368,
    "max": 0.44164500000000007,
    "p25": 0.12527925,
    "p75": 0.27975675,
    "n_outliers_3x_median": 0,
    "n_runs": 90
  },
  "C15": {
    "family": "debate",
    "mean": 0.05886751666666666,
    "median": 0.04500875,
    "std": 0.041655925964161046,
    "min": 0.011515250000000001,
    "max": 0.19393149999999998,
    "p25": 0.030598625,
    "p75": 0.0695391875,
    "n_outliers_3x_median": 7,
    "n_runs": 90
  },
  "C16": {
    "family": "gen-only",
    "mean": 0.16342314000000002,
    "median": 0.146697,
    "std": 0.15717155846552008,
    "min": 0.005019,
    "max": 0.707199,
    "p25": 0.02167425,
    "p75": 0.24933075000000002,
    "n_outliers_3x_median": 18,
    "n_runs": 250
  }
}