{
  "C0": {
    "family": "baseline",
    "easy": 0.7476190476190476,
    "medium": 0.5196078431372548,
    "hard": 0.25333333333333335
  },
  "C1": {
    "family": "review-heavy",
    "easy": 0.8457142857142858,
    "medium": 0.812,
    "hard": 0.2917647058823529
  },
  "C2": {
    "family": "debate",
    "easy": 0.8371428571428571,
    "medium": 0.7368627450980392,
    "hard": 0.4288888888888888
  },
  "C3": {
    "family": "gen-only",
    "easy": 0.9238095238095237,
    "medium": 0.5984313725490196,
    "hard": 0.4033333333333333
  },
  "C4": {
    "family": "iterative",
    "easy": 0.7314285714285714,
    "medium": 0.6733333333333335,
    "hard": 0.48666666666666664
  },
  "C5": {
    "family": "review-heavy",
    "easy": 0.7990476190476191,
    "medium": 0.7054901960784314,
    "hard": 0.3966666666666666
  },
  "C6": {
    "family": "gen-only",
    "easy": 0.8466666666666667,
    "medium": 0.7133333333333333,
    "hard": 0.43777777777777777
  },
  "C7": {
    "family": "hybrid",
    "easy": 0.8428571428571429,
    "medium": 0.7878431372549018,
    "hard": 0.5133333333333332
  },
  "C8": {
    "family": "review-heavy",
    "easy": 0.8066666666666665,
    "medium": 0.8145098039215685,
    "hard": 0.4066666666666667
  },
  "C9": {
    "family": "debate",
    "easy": 0.8352380952380952,
    "medium": 0.7980392156862746,
    "hard": 0.5022222222222221
  },
  "C10": {
    "family": "iterative",
    "easy": 0.8657142857142857,
    "medium": 0.7627450980392158,
    "hard": 0.41444444444444445
  },
  "C11": {
    "family": "gen-only",
    "easy": 0.8828571428571428,
    "medium": 0.7337254901960785,
    "hard": 0.5577777777777777
  },
  "C12": {
    "family": "iterative",
    "easy": 0.8457142857142856,
    "medium": 0.7882352941176471,
    "hard": 0.34
  },
  "C13": {
    "family": "hybrid",
    "easy": 0.9380952380952381,
    "medium": 0.9211764705882354,
    "hard": 0.5499999999999999
  },
  "C14": {
    "family": "iterative",
    "easy": 0.8276190476190477,
    "medium": 0.7592156862745097,
    "hard": 0.3288888888888889
  },
  "C15": {
    "family": "debate",
    "easy": 0.8561904761904762,
    "medium": 0.7819607843137255,
    "hard": 0.47555555555555556
  },
  "C16": {
    "family": "gen-only",
    "easy": 0.9819047619047618,
    "medium": 0.8592156862745098,
    "hard": 0.5599999999999999
  }
}