{
  "always_solved": [],
  "never_solved": [
    "cc_027",
    "cc_028",
    "cc_036",
    "cc_047",
    "cc_049"
  ],
  "swing_problems": [
    "cc_001",
    "cc_004",
    "cc_005",
    "cc_006",
    "cc_010",
    "cc_016",
    "cc_018",
    "cc_019",
    "cc_020",
    "cc_021",
    "cc_024",
    "cc_033",
    "cc_034",
    "cc_038",
    "cc_039",
    "cc_041",
    "cc_043",
    "cc_046",
    "cc_048",
    "cc_050",
    "cc_051",
    "cc_052",
    "cc_054",
    "cc_055",
    "cc_057"
  ],
  "matrix": {
    "cc_001": {
      "C0": 0.6666666666666666,
      "C1": 0.6666666666666666,
      "C2": 0.86,
      "C3": 1.0,
      "C4": 1.0,
      "C5": 1.0,
      "C6": 1.0,
      "C7": 1.0,
      "C8": 0.86,
      "C9": 0.86,
      "C10": 0.6666666666666666,
      "C11": 1.0,
      "C12": 0.6666666666666666,
      "C13": 1.0,
      "C14": 0.96,
      "C15": 1.0,
      "C16": 1.0
    },
    "cc_004": {
      "C0": 0.6,
      "C1": 0.9666666666666667,
      "C2": 0.9533333333333333,
      "C3": 0.9,
      "C4": 0.6333333333333333,
      "C5": 0.9666666666666667,
      "C6": 0.6,
      "C7": 0.9199999999999999,
      "C8": 0.9866666666666667,
      "C9": 0.9866666666666667,
      "C10": 0.9866666666666667,
      "C11": 0.9666666666666667,
      "C12": 1.0,
      "C13": 1.0,
      "C14": 0.9866666666666667,
      "C15": 0.9866666666666667,
      "C16": 0.9533333333333333
    },
    "cc_005": {
      "C0": 0.7733333333333333,
      "C1": 0.9666666666666667,
      "C2": 0.98,
      "C3": 0.82,
      "C4": 1.0,
      "C5": 0.9733333333333333,
      "C6": 0.8933333333333332,
      "C7": 0.96,
      "C8": 0.9733333333333333,
      "C9": 0.9866666666666667,
      "C10": 0.9333333333333332,
      "C11": 0.9533333333333333,
      "C12": 1.0,
      "C13": 0.96,
      "C14": 0.9866666666666667,
      "C15": 0.9866666666666667,
      "C16": 0.8933333333333332
    },
    "cc_006": {
      "C0": 0.10666666666666667,
      "C1": 0.43999999999999995,
      "C2": 0.43999999999999995,
      "C3": 0.38666666666666666,
      "C4": 0.7200000000000001,
      "C5": 0.7200000000000001,
      "C6": 0.10666666666666667,
      "C7": 0.7533333333333333,
      "C8": 0.35333333333333333,
      "C9": 0.7133333333333334,
      "C10": 0.45999999999999996,
      "C11": 0.16,
      "C12": 0.16,
      "C13": 0.9866666666666667,
      "C14": 0.7200000000000001,
      "C15": 0.7266666666666666,
      "C16": 0.7133333333333333
    },
    "cc_010": {
      "C0": 0.6666666666666666,
      "C1": 1.0,
      "C2": 0.6666666666666666,
      "C3": 0.6666666666666666,
      "C4": 1.0,
      "C5": 0.7466666666666667,
      "C6": 1.0,
      "C7": 1.0,
      "C8": 1.0,
      "C9": 0.9133333333333334,
      "C10": 1.0,
      "C11": 1.0,
      "C12": 1.0,
      "C13": 1.0,
      "C14": 1.0,
      "C15": 0.6666666666666666,
      "C16": 1.0
    },
    "cc_016": {
      "C0": 0.5666666666666667,
      "C1": 0.94,
      "C2": 0.9533333333333333,
      "C3": 1.0,
      "C4": 0.5666666666666667,
      "C5": 1.0,
      "C6": 0.7399999999999999,
      "C7": 0.6133333333333333,
      "C8": 0.9533333333333333,
      "C9": 0.86,
      "C10": 0.9533333333333333,
      "C11": 1.0,
      "C12": 0.94,
      "C13": 1.0,
      "C14": 0.62,
      "C15": 0.8866666666666666,
      "C16": 1.0
    },
    "cc_018": {
      "C0": 0.3333333333333333,
      "C1": 0.99,
      "C2": 1.0,
      "C3": 0.9866666666666667,
      "C4": 0.3333333333333333,
      "C5": 1.0,
      "C6": 0.9933333333333333,
      "C7": 0.9866666666666667,
      "C8": 0.6533333333333333,
      "C9": 0.6666666666666666,
      "C10": 0.6666666666666666,
      "C11": 0.9933333333333333,
      "C12": 0.6666666666666666,
      "C13": 0.9933333333333333,
      "C14": 0.9933333333333333,
      "C15": 0.6666666666666666,
      "C16": 0.9933333333333333
    },
    "cc_019": {
      "C0": 0.6666666666666666,
      "C1": 0.6866666666666666,
      "C2": 0.36000000000000004,
      "C3": 0.0,
      "C4": 1.0,
      "C5": 0.6666666666666666,
      "C6": 0.0,
      "C7": 1.0,
      "C8": 0.6933333333333334,
      "C9": 1.0,
      "C10": 0.6866666666666666,
      "C11": 0.04,
      "C12": 1.0,
      "C13": 1.0,
      "C14": 0.6666666666666666,
      "C15": 1.0,
      "C16": 0.7066666666666667
    },
    "cc_020": {
      "C0": 0.3333333333333333,
      "C1": 1.0,
      "C2": 0.6666666666666666,
      "C3": 0.88,
      "C4": 0.6666666666666666,
      "C5": 0.6666666666666666,
      "C6": 1.0,
      "C7": 1.0,
      "C8": 1.0,
      "C9": 0.3333333333333333,
      "C10": 0.3333333333333333,
      "C11": 1.0,
      "C12": 1.0,
      "C13": 1.0,
      "C14": 1.0,
      "C15": 0.6666666666666666,
      "C16": 1.0
    },
    "cc_021": {
      "C0": 0.6666666666666666,
      "C1": 1.0,
      "C2": 1.0,
      "C3": 0.6666666666666666,
      "C4": 0.6666666666666666,
      "C5": 0.84,
      "C6": 0.6666666666666666,
      "C7": 1.0,
      "C8": 1.0,
      "C9": 0.6666666666666666,
      "C10": 1.0,
      "C11": 1.0,
      "C12": 0.6666666666666666,
      "C13": 1.0,
      "C14": 1.0,
      "C15": 1.0,
      "C16": 1.0
    },
    "cc_024": {
      "C0": 0.7999999999999999,
      "C1": 1.0,
      "C2": 0.6666666666666666,
      "C3": 1.0,
      "C4": 0.6666666666666666,
      "C5": 1.0,
      "C6": 1.0,
      "C7": 0.6666666666666666,
      "C8": 1.0,
      "C9": 1.0,
      "C10": 0.7999999999999999,
      "C11": 1.0,
      "C12": 0.6666666666666666,
      "C13": 1.0,
      "C14": 1.0,
      "C15": 0.6666666666666666,
      "C16": 1.0
    },
    "cc_027": {
      "C0": 0.32666666666666666,
      "C1": 0.20000000000000004,
      "C2": 0.34,
      "C3": 0.43999999999999995,
      "C4": 0.4266666666666667,
      "C5": 0.6666666666666666,
      "C6": 0.52,
      "C7": 0.5666666666666665,
      "C8": 0.42,
      "C9": 0.7466666666666667,
      "C10": 0.12666666666666668,
      "C11": 0.64,
      "C12": 0.42,
      "C13": 0.5666666666666667,
      "C14": 0.36000000000000004,
      "C15": 0.7466666666666667,
      "C16": 0.42
    },
    "cc_028": {
      "C0": 0.22,
      "C1": 0.22,
      "C2": 0.16,
      "C3": 0.6533333333333333,
      "C4": 0.22,
      "C5": 0.22,
      "C6": 0.66,
      "C7": 0.66,
      "C8": 0.43333333333333335,
      "C9": 0.3333333333333333,
      "C10": 0.66,
      "C11": 0.6533333333333333,
      "C12": 0.22,
      "C13": 0.6533333333333333,
      "C14": 0.2733333333333334,
      "C15": 0.37999999999999995,
      "C16": 0.66
    },
    "cc_033": {
      "C0": 0.48666666666666664,
      "C1": 0.6,
      "C2": 0.42,
      "C3": 0.32,
      "C4": 0.24666666666666662,
      "C5": 0.6533333333333333,
      "C6": 0.6933333333333334,
      "C7": 0.9866666666666667,
      "C8": 0.8066666666666666,
      "C9": 0.6133333333333333,
      "C10": 0.6133333333333333,
      "C11": 0.47333333333333333,
      "C12": 0.42,
      "C13": 0.9866666666666667,
      "C14": 0.6266666666666666,
      "C15": 0.42,
      "C16": 0.47333333333333333
    },
    "cc_034": {
      "C0": 0.6666666666666666,
      "C1": 1.0,
      "C2": 0.6666666666666666,
      "C3": 0.6666666666666666,
      "C4": 0.6933333333333334,
      "C5": 0.7266666666666666,
      "C6": 1.0,
      "C7": 1.0,
      "C8": 0.8333333333333334,
      "C9": 1.0,
      "C10": 0.7266666666666666,
      "C11": 1.0,
      "C12": 1.0,
      "C13": 1.0,
      "C14": 1.0,
      "C15": 1.0,
      "C16": 1.0
    },
    "cc_036": {
      "C0": 0.2733333333333334,
      "C1": 0.22,
      "C2": 0.4000000000000001,
      "C3": 0.2733333333333334,
      "C4": 0.28,
      "C5": 0.4000000000000001,
      "C6": 0.4000000000000001,
      "C7": 0.2733333333333334,
      "C8": 0.28,
      "C9": 0.26666666666666666,
      "C10": 0.28,
      "C11": 0.4000000000000001,
      "C12": 0.28,
      "C13": 0.4000000000000001,
      "C14": 0.28,
      "C15": 0.4000000000000001,
      "C16": 0.4000000000000001
    },
    "cc_038": {
      "C0": 0.3133333333333333,
      "C1": 0.3666666666666667,
      "C2": 0.9533333333333333,
      "C3": 0.6533333333333333,