{
  "key_comparison": {
    "C13_pass_at_1": 0.6888888888888889,
    "C6_pass_at_1": 0.5222222222222223,
    "difference": 0.16666666666666663,
    "interpretation": "Reviews improve individual pipelines, not just lottery effect"
  },
  "all_pass_at_1": {
    "C0": 0.32222222222222224,
    "C1": 0.5681818181818182,
    "C2": 0.5444444444444444,
    "C3": 0.43333333333333335,
    "C4": 0.5444444444444444,
    "C5": 0.5333333333333333,
    "C6": 0.5222222222222223,
    "C7": 0.4888888888888889,
    "C8": 0.5730337078651685,
    "C9": 0.6,
    "C10": 0.6179775280898876,
    "C11": 0.5,
    "C12": 0.5955056179775281,
    "C13": 0.6888888888888889,
    "C14": 0.5555555555555556,
    "C15": 0.5777777777777777,
    "C16": 0.6742171428571427
  }
}