{
  "held_out_rates": {
    "C0": {
      "mean_pass_rate": 0.38733333333333336,
      "std": 0.48211985600632085,
      "cost": 0.047113449999999994,
      "n": 60,
      "family": "baseline"
    },
    "C10": {
      "mean_pass_rate": 0.49333333333333335,
      "std": 0.4696476220411308,
      "cost": 0.092501575,
      "n": 60,
      "family": "iterative"
    },
    "C13": {
      "mean_pass_rate": 0.5563333333333332,
      "std": 0.47478404447589523,
      "cost": 0.21954635416666665,
      "n": 60,
      "family": "hybrid"
    },
    "C16": {
      "mean_pass_rate": 0.48866666666666664,
      "std": 0.4748524917159948,
      "cost": 0.30955794999999997,
      "n": 60,
      "family": "gen-only"
    },
    "C2": {
      "mean_pass_rate": 0.35666666666666663,
      "std": 0.4632805725355736,
      "cost": 0.06318856249999999,
      "n": 60,
      "family": "debate"
    },
    "C3": {
      "mean_pass_rate": 0.4013333333333333,
      "std": 0.47758931683566325,
      "cost": 0.08868295,
      "n": 60,
      "family": "gen-only"
    },
    "C9": {
      "mean_pass_rate": 0.515,
      "std": 0.47112100356490155,
      "cost": 0.07418098749999999,
      "n": 60,
      "family": "debate"
    }
  },
  "pareto_frontier_held_out": [
    "C0",
    "C9",
    "C13"
  ],
  "pareto_frontier_original": [
    "C0",
    "C2",
    "C9",
    "C13"
  ],
  "rank_correlation": {
    "kendall_tau": 0.7142857142857143,
    "kendall_p": 0.03015873015873016,
    "spearman_rho": 0.7857142857142859,
    "spearman_p": 0.03623846267982714,
    "n_conditions": 7
  }
}