{
  "generator_model": "qwen/qwen-2.5-coder-32b-instruct",
  "phase4_rates": {
    "C0": {
      "mean_pass_rate": 0.0,
      "std": 0.0,
      "cost": 0.0002626533333333333,
      "n": 60
    },
    "C9": {
      "mean_pass_rate": 0.4053333333333333,
      "std": 0.45989660673774146,
      "cost": 0.03697981166666667,
      "n": 60
    },
    "C13": {
      "mean_pass_rate": 0.5323333333333333,
      "std": 0.4631211744481375,
      "cost": 0.09118804833333333,
      "n": 60
    }
  },
  "original_rates_sonnet": {
    "C0": 0.5195555555555554,
    "C9": 0.7475555555555555,
    "C13": 0.8508888888888889
  },
  "ordering_holds": true,
  "floor_effect": true,
  "c0_vs_c13_p": 1.9594723848647955e-05
}