{
  "phase2_pass_rates": {
    "C0": {
      "mean_pass_rate": 0.38733333333333336,
      "std": 0.48211985600632085,
      "cost": 0.047113449999999994,
      "n": 60,
      "family": "baseline"
    },
    "C9": {
      "mean_pass_rate": 0.515,
      "std": 0.47112100356490155,
      "cost": 0.07418098749999999,
      "n": 60,
      "family": "debate"
    },
    "C13": {
      "mean_pass_rate": 0.5563333333333332,
      "std": 0.47478404447589523,
      "cost": 0.21954635416666665,
      "n": 60,
      "family": "hybrid"
    }
  },
  "original_pass_rates": {
    "C0": 0.5195555555555554,
    "C9": 0.7475555555555555,
    "C13": 0.8508888888888889
  },
  "ordering_holds": true,
  "statistical_tests": [
    {
      "comparison": "C0 vs C9",
      "mean_diff": 0.12766666666666668,
      "p_value": 0.027935406484119737,
      "effect_size_r": 0.4013331661112156,
      "n_problems": 30,
      "significant_bonferroni": false
    },
    {
      "comparison": "C0 vs C13",
      "mean_diff": 0.16899999999999998,
      "p_value": 0.0021916819945457973,
      "effect_size_r": 0.5592152227735311,
      "n_problems": 30,
      "significant_bonferroni": true
    },
    {
      "comparison": "C9 vs C13",
      "mean_diff": 0.04133333333333333,
      "p_value": 0.19801240045685709,
      "effect_size_r": 0.23501587738973495,
      "n_problems": 30,
      "significant_bonferroni": false
    }
  ],
  "per_problem": {
    "cc_000": {
      "C0": 1.0,
      "C9": 1.0,
      "C13": 1.0
    },
    "cc_002": {
      "C0": 0.0,
      "C9": 0.98,
      "C13": 1.0
    },
    "cc_003": {
      "C0": 0.0,
      "C9": 0.5,
      "C13": 0.0
    },
    "cc_007": {
      "C0": 1.0,
      "C9": 1.0,
      "C13": 1.0
    },
    "cc_008": {
      "C0": 0.0,
      "C9": 0.0,
      "C13": 0.0
    },
    "cc_009": {
      "C0": 1.0,
      "C9": 0.53,
      "C13": 1.0
    },
    "cc_011": {
      "C0": 1.0,
      "C9": 0.8,
      "C13": 1.0
    },
    "cc_012": {
      "C0": 1.0,
      "C9": 1.0,
      "C13": 1.0
    },
    "cc_013": {
      "C0": 0.0,
      "C9": 0.01,
      "C13": 0.02
    },
    "cc_014": {
      "C0": 1.0,
      "C9": 1.0,
      "C13": 1.0
    },
    "cc_015": {
      "C0": 1.0,
      "C9": 1.0,
      "C13": 1.0
    },
    "cc_017": {
      "C0": 0.53,
      "C9": 0.53,
      "C13": 0.63
    },
    "cc_022": {
      "C0": 0.0,
      "C9": 0.33,
      "C13": 0.6000000000000001
    },
    "cc_023": {
      "C0": 1.0,
      "C9": 1.0,
      "C13": 1.0
    },
    "cc_025": {
      "C0": 0.04,
      "C9": 0.5,
      "C13": 0.06
    },
    "cc_026": {
      "C0": 0.0,
      "C9": 0.0,
      "C13": 0.0
    },
    "cc_029": {
      "C0": 0.98,
      "C9": 0.98,
      "C13": 0.98
    },
    "cc_030": {
      "C0": 0.0,
      "C9": 0.0,
      "C13": 0.0
    },
    "cc_031": {
      "C0": 1.0,
      "C9": 1.0,
      "C13": 1.0
    },
    "cc_032": {
      "C0": 0.0,
      "C9": 0.0,
      "C13": 0.45
    },
    "cc_035": {
      "C0": 1.0,
      "C9": 1.0,
      "C13": 1.0
    },
    "cc_037": {
      "C0": 0.0,
      "C9": 0.88,
      "C13": 0.88
    },
    "cc_040": {
      "C0": 0.0,
      "C9": 0.0,
      "C13": 0.0
    },
    "cc_042": {
      "C0": 0.07,
      "C9": 0.27,
      "C13": 0.52
    },
    "cc_044": {
      "C0": 0.0,
      "C9": 0.33,
      "C13": 1.0
    },
    "cc_045": {
      "C0": 0.0,
      "C9": 0.8,
      "C13": 0.5
    },
    "cc_053": {
      "C0": 0.0,
      "C9": 0.0,
      "C13": 0.03
    },
    "cc_056": {
      "C0": 0.0,
      "C9": 0.0,
      "C13": 0.0
    },
    "cc_058": {
      "C0": 0.0,
      "C9": 0.0,
      "C13": 0.0
    },
    "cc_059": {
      "C0": 0.0,
      "C9": 0.01,
      "C13": 0.02
    }
  }
}