{
  "ablation": "fixer_nocode",
  "nocode_pass_rate": 0.486,
  "nocode_std": 0.4889212615544552,
  "nocode_cost": 0.22978523333333337,
  "nocode_n": 60,
  "withcode_pass_rate": 0.5563333333333332,
  "delta": -0.07033333333333325,
  "p_value": 0.1715600915499338
}