{
  "benchmarks": [
    "HumanEval",
    "MBPP"
  ],
  "conditions": [
    "C0",
    "C9",
    "C13",
    "C16"
  ],
  "combined_rates": {
    "C0": 0.6171428571428571,
    "C9": 0.8771428571428572,
    "C13": 0.9304761904761905,
    "C16": 0.6471428571428572
  },
  "statistical_tests": [
    {
      "comparison": "C0 vs C9",
      "mean_diff": 0.26,
      "p_value": 0.0008235860589108871,
      "significant_bonferroni": true,
      "n_problems": 50
    },
    {
      "comparison": "C0 vs C13",
      "mean_diff": 0.3133333333333333,
      "p_value": 0.00010555345592280884,
      "significant_bonferroni": true,
      "n_problems": 50
    },
    {
      "comparison": "C9 vs C13",
      "mean_diff": 0.05333333333333334,
      "p_value": 0.039359508888249725,
      "significant_bonferroni": false,
      "n_problems": 50
    },
    {
      "comparison": "C13 vs C16",
      "mean_diff": -0.2833333333333333,
      "p_value": 0.00022491367198211625,
      "significant_bonferroni": true,
      "n_problems": 50
    }
  ],
  "humaneval_n_problems": 25,
  "mbpp_n_problems": 25
}