{
  "generator_model": "deepseek/deepseek-chat",
  "phase4b_rates": {
    "C0": {
      "mean_pass_rate": 0.25566666666666665,
      "std": 0.3898904404516165,
      "cost": 0.0008977480000000001,
      "n": 60
    },
    "C9": {
      "mean_pass_rate": 0.4033333333333333,
      "std": 0.4473949286952438,
      "cost": 0.025763898,
      "n": 60
    },
    "C13": {
      "mean_pass_rate": 0.573,
      "std": 0.44658444516873474,
      "cost": 0.07170406516666668,
      "n": 60
    }
  },
  "original_rates_sonnet": {
    "C0": 0.5195555555555554,
    "C9": 0.7475555555555555,
    "C13": 0.8508888888888889
  },
  "ordering_holds": true,
  "floor_effect": false,
  "qwen_rates": {
    "C0": {
      "mean_pass_rate": 0.0,
      "std": 0.0,
      "cost": 0.0002626533333333333,
      "n": 60
    },
    "C9": {
      "mean_pass_rate": 0.4053333333333333,
      "std": 0.45989660673774146,
      "cost": 0.03697981166666667,
      "n": 60
    },
    "C13": {
      "mean_pass_rate": 0.5323333333333333,
      "std": 0.4631211744481375,
      "cost": 0.09118804833333333,
      "n": 60
    }
  }
}